tree,location,stump_wgt_kg,9.24,9.132,9.23,1.26,9.20,8.16,8.19,4.441,9.17,4.98,8.12,6.2,8.10,7.647,9.08,2.05,6.02,711,5.03,3.63,6.07,1.6210,5.06,6.5,5.14,7.9,7.16,10.38,5.19,3.384,6.23,5.18,3.11,4.859,3.09,6.2712,3.08,2.255,4.07,4.31